<?xml version="1.0" encoding="UTF-8"?>
<configuration>
<timestamp key="byDay" datePattern="yyyyMMdd'T'HHmmss"/>

<appender name="STDOUT" class="ch.qos.logback.core.ConsoleAppender">
        <encoder>
            <pattern>%d{yyyy-MM-dd HH:mm:ss} | %-5p | [%thread] %logger{5}:%L - %msg%n</pattern>
        </encoder>
    </appender>


<appender name="FILE" class="ch.qos.logback.core.FileAppender">
   <file>E:\LogBack\log-${byDay}.txt</file>
    <encoder>
      <pattern>%d{yyyy-MM-dd HH:mm:ss} | %-5p | [%thread] %logger{5}:%L - %msg%n</pattern>
    </encoder>
  </appender>

  <root level="DEBUG">
    <appender-ref ref="FILE" />
    <appender-ref ref="STDOUT"/>
  </root>
</configuration>




