<?xml version="1.0" encoding="UTF-8"?>
<beans xmlns="http://www.springframework.org/schema/beans"
 xmlns:mvc="http://www.springframework.org/schema/mvc"
 xmlns:context="http://www.springframework.org/schema/context"
 xmlns:xsi="http://www.w3.org/2001/XMLSchema-instance"
 xsi:schemaLocation="
 http://www.springframework.org/schema/beans
 http://www.springframework.org/schema/beans/spring-beans-4.0.xsd
 http://www.springframework.org/schema/context
 http://www.springframework.org/schema/context/spring-context-4.0.xsd
 http://www.springframework.org/schema/mvc
        http://www.springframework.org/schema/mvc/spring-mvc.xsd">
 
 <context:component-scan base-package="org.niit" />
 
 <bean class="org.springframework.web.servlet.view.InternalResourceViewResolver">
 <property name="prefix">
   <value>/views/</value>
 </property>
 <property name="suffix">
    <value>.jsp</value>
 </property>
 </bean>

  	<!-- 
	<webflow:flow-executor id="flowExecutor" />
 
	<webflow:flow-registry id="flowRegistry"
		flow-builder-services="flowBuilderServices" base-path="/WEB-INF">
		here the id is mapped to invoke this flow
		<webflow:flow-location id="memberShip" path="/memberShipFlow.xml" />
	</webflow:flow-registry>
 
	<webflow:flow-builder-services id="flowBuilderServices"
		view-factory-creator="viewFactoryCreator" />
 
	<bean id="viewFactoryCreator"
		class="org.springframework.webflow.mvc.builder.MvcViewFactoryCreator">
		<property name="viewResolvers">
			<list>
				<ref bean="viewResolver" />
			</list>
		</property>
	</bean>
 
	<bean id="viewResolver"
		class="org.springframework.web.servlet.view.UrlBasedViewResolver">
		<property name="viewClass"
			value="org.springframework.web.servlet.view.JstlView" />
		<property name="prefix" value="/" />
		<property name="suffix" value=".jsp" />
	</bean>
 
	<bean class="org.springframework.webflow.mvc.servlet.FlowHandlerAdapter">
		<property name="flowExecutor" ref="flowExecutor" />
	</bean>
 
	<bean class="org.springframework.webflow.mvc.servlet.FlowHandlerMapping">
		<property name="flowRegistry" ref="flowRegistry" />
		<property name="order" value="0" />
	</bean> -->

<bean id="multipartResolver" class="org.springframework.web.multipart.commons.CommonsMultipartResolver">
 <property name="maxUploadSize" value="100000"/>
 </bean>
 


  </beans>