<?xml version="1.0" encoding="UTF-8"?>
<beans:beans xmlns="http://www.springframework.org/schema/security"
	xmlns:mvc="http://www.springframework.org/schema/mvc" xmlns:context="http://www.springframework.org/schema/context"
	xmlns:xsi="http://www.w3.org/2001/XMLSchema-instance" xmlns:tx="http://www.springframework.org/schema/tx"
	xmlns:security="http://www.springframework.org/schema/security"
	xmlns:beans="http://www.springframework.org/schema/beans"
	xsi:schemaLocation="http://www.springframework.org/schema/beans
		http://www.springframework.org/schema/beans/spring-beans.xsd
		http://www.springframework.org/schema/mvc
		http://www.springframework.org/schema/mvc/spring-mvc.xsd
		http://www.springframework.org/schema/context
		http://www.springframework.org/schema/context/spring-context.xsd
		http://www.springframework.org/schema/tx
		http://www.springframework.org/schema/tx/spring-tx.xsd
		http://www.springframework.org/schema/security
		http://www.springframework.org/schema/security/spring-security.xsd">

	<security:http auto-config="true" use-expressions="true">

		<security:intercept-url pattern="/manageCategories" access="hasRole('ROLE_ADMIN')"/>
		<security:intercept-url pattern="/manageProducts" access="hasRole('ROLE_ADMIN')"/>
		<security:intercept-url pattern="/manageSuppliers" access="hasRole('ROLE_ADMIN')"/>
		<security:intercept-url pattern="/viewCustomers" access="hasRole('ROLE_ADMIN')"/>
		
		<security:intercept-url pattern="/" access="hasRole('ROLE_USER')"/>	
		
			<security:intercept-url pattern="/" access="permitAll"/>
		<security:intercept-url pattern="/LoginHere" access="permitAll"/>
		<security:intercept-url pattern="/Register" access="permitAll" />
		<security:intercept-url pattern="/productView" access="permitAll" />
		
		
		<security:form-login login-page="/Login" default-target-url="/" login-processing-url="/perform_login" authentication-failure-url="/LoginHere" authentication-success-forward-url="/loginSuccess" />
		<security:logout logout-url="/logout" invalidate-session="true" logout-success-url="/" />
		<security:csrf disabled="true" />
	</security:http>

<security:authentication-manager>
		<security:authentication-provider>
			<security:jdbc-user-service
				data-source-ref="dataSource" 
				users-by-username-query="select username,password,enabled from Userdetails where username=?" 
				authorities-by-username-query="select username, Role from Userdetails where username =?" />
		</security:authentication-provider>
	</security:authentication-manager>
</beans:beans>
